{"cameraMode":{"drawMode":0,"name":"Shaded","section":"Shading Mode"},"sceneLighting":true,"audioPlay":false,"sceneViewState":{"m_AlwaysRefresh":false,"showFog":true,"showSkybox":true,"showFlares":true,"showImageEffects":true,"showParticleSystems":true,"showVisualEffectGraphs":true,"m_FxEnabled":true},"in2DMode":false,"pivot":{"x":17.412500381469728,"y":4.030832290649414,"z":-6.5826592445373539},"rotation":{"x":0.030965248122811319,"y":0.9687478542327881,"z":-0.16161824762821198,"w":0.18560725450515748},"size":3.1826751232147219,"orthographic":false}